﻿<?xml version="1.0" encoding="utf-8"?>
<abapGit version="v1.0.0" serializer="LCL_OBJECT_FUGR" serializer_version="v1.0.0">
 <asx:abap xmlns:asx="http://www.sap.com/abapxml" version="1.0">
  <asx:values>
   <AREAT>Export Function Group</AREAT>
   <INCLUDES>
    <SOBJ_NAME>LZEXPORT_FGTOP</SOBJ_NAME>
    <SOBJ_NAME>SAPLZEXPORT_FG</SOBJ_NAME>
   </INCLUDES>
   <FUNCTIONS>
    <item>
     <FUNCNAME>ZEXPORT_FM</FUNCNAME>
     <SHORT_TEXT>Export FM</SHORT_TEXT>
    </item>
   </FUNCTIONS>
  </asx:values>
 </asx:abap>
</abapGit>
