﻿<?xml version="1.0" encoding="utf-8"?>
<abapGit version="v1.0.0" serializer="LCL_OBJECT_SSFO" serializer_version="v1.0.0">
 <sf:SMARTFORM xmlns:sf="urn:sap-com:SmartForms:2000:internal-structure" xmlns="urn:sap-com:sdixml-ifr:2000">
  <HEADER>
   <FORMNAME>ZEXPORT_SMARFORM</FORMNAME>
   <CAPTION>New Form</CAPTION>
   <MASTERLANG>E</MASTERLANG>
   <LANGVECTOR>*</LANGVECTOR>
   <DEVCLASS></DEVCLASS>
   <VERSION>00001</VERSION>
   <FIRSTUSER>DUMMY</FIRSTUSER>
   <FIRSTDATE>2020-06-08</FIRSTDATE>
   <FIRSTTIME>07:46:14</FIRSTTIME>
   <LASTUSER>DUMMY</LASTUSER>
   <LASTDATE></LASTDATE>
   <LASTTIME></LASTTIME>
  </HEADER>
  <INTERFACE>
   <item>
    <IOTYPE>E</IOTYPE>
    <NAME>DOCUMENT_OUTPUT_INFO</NAME>
    <TYPING>TYPE</TYPING>
    <TYPENAME>SSFCRESPD</TYPENAME>
    <BYVALUE>X</BYVALUE>
    <STANDARD>X</STANDARD>
   </item>
   <item>
    <IOTYPE>E</IOTYPE>
    <NAME>JOB_OUTPUT_INFO</NAME>
    <TYPING>TYPE</TYPING>
    <TYPENAME>SSFCRESCL</TYPENAME>
    <BYVALUE>X</BYVALUE>
    <STANDARD>X</STANDARD>
   </item>
   <item>
    <IOTYPE>E</IOTYPE>
    <NAME>JOB_OUTPUT_OPTIONS</NAME>
    <TYPING>TYPE</TYPING>
    <TYPENAME>SSFCRESOP</TYPENAME>
    <BYVALUE>X</BYVALUE>
    <STANDARD>X</STANDARD>
   </item>
   <item>
    <IOTYPE>I</IOTYPE>
    <NAME>ARCHIVE_INDEX</NAME>
    <TYPING>TYPE</TYPING>
    <TYPENAME>TOA_DARA</TYPENAME>
    <OPTIONAL>X</OPTIONAL>
    <BYVALUE>X</BYVALUE>
    <STANDARD>X</STANDARD>
   </item>
   <item>
    <IOTYPE>I</IOTYPE>
    <NAME>ARCHIVE_INDEX_TAB</NAME>
    <TYPING>TYPE</TYPING>
    <TYPENAME>TSFDARA</TYPENAME>
    <OPTIONAL>X</OPTIONAL>
    <BYVALUE>X</BYVALUE>
    <STANDARD>X</STANDARD>
   </item>
   <item>
    <IOTYPE>I</IOTYPE>
    <NAME>ARCHIVE_PARAMETERS</NAME>
    <TYPING>TYPE</TYPING>
    <TYPENAME>ARC_PARAMS</TYPENAME>
    <OPTIONAL>X</OPTIONAL>
    <BYVALUE>X</BYVALUE>
    <STANDARD>X</STANDARD>
   </item>
   <item>
    <IOTYPE>I</IOTYPE>
    <NAME>CONTROL_PARAMETERS</NAME>
    <TYPING>TYPE</TYPING>
    <TYPENAME>SSFCTRLOP</TYPENAME>
    <OPTIONAL>X</OPTIONAL>
    <BYVALUE>X</BYVALUE>
    <STANDARD>X</STANDARD>
   </item>
   <item>
    <IOTYPE>I</IOTYPE>
    <NAME>MAIL_APPL_OBJ</NAME>
    <TYPING>TYPE</TYPING>
    <TYPENAME>SWOTOBJID</TYPENAME>
    <OPTIONAL>X</OPTIONAL>
    <BYVALUE>X</BYVALUE>
    <STANDARD>X</STANDARD>
   </item>
   <item>
    <IOTYPE>I</IOTYPE>
    <NAME>MAIL_RECIPIENT</NAME>
    <TYPING>TYPE</TYPING>
    <TYPENAME>SWOTOBJID</TYPENAME>
    <OPTIONAL>X</OPTIONAL>
    <BYVALUE>X</BYVALUE>
    <STANDARD>X</STANDARD>
   </item>
   <item>
    <IOTYPE>I</IOTYPE>
    <NAME>MAIL_SENDER</NAME>
    <TYPING>TYPE</TYPING>
    <TYPENAME>SWOTOBJID</TYPENAME>
    <OPTIONAL>X</OPTIONAL>
    <BYVALUE>X</BYVALUE>
    <STANDARD>X</STANDARD>
   </item>
   <item>
    <IOTYPE>I</IOTYPE>
    <NAME>OUTPUT_OPTIONS</NAME>
    <TYPING>TYPE</TYPING>
    <TYPENAME>SSFCOMPOP</TYPENAME>
    <OPTIONAL>X</OPTIONAL>
    <BYVALUE>X</BYVALUE>
    <STANDARD>X</STANDARD>
   </item>
   <item>
    <IOTYPE>I</IOTYPE>
    <NAME>USER_SETTINGS</NAME>
    <TYPING>TYPE</TYPING>
    <TYPENAME>TDBOOL</TYPENAME>
    <OPTIONAL>X</OPTIONAL>
    <BYVALUE>X</BYVALUE>
    <DEFAULTVAL>&apos;X&apos;</DEFAULTVAL>
    <STANDARD>X</STANDARD>
   </item>
   <item>
    <IOTYPE>X</IOTYPE>
    <NAME>FORMATTING_ERROR</NAME>
    <STANDARD>X</STANDARD>
   </item>
   <item>
    <IOTYPE>X</IOTYPE>
    <NAME>INTERNAL_ERROR</NAME>
    <STANDARD>X</STANDARD>
   </item>
   <item>
    <IOTYPE>X</IOTYPE>
    <NAME>SEND_ERROR</NAME>
    <STANDARD>X</STANDARD>
   </item>
   <item>
    <IOTYPE>X</IOTYPE>
    <NAME>USER_CANCELED</NAME>
    <STANDARD>X</STANDARD>
   </item>
  </INTERFACE>
  <sf:VARHEADER>
   <sf:item>
    <PAGEFORMAT>DINA4</PAGEFORMAT>
    <CPI>10.00</CPI>
    <LPI>6.00</LPI>
    <STDSTYLE>SYSTEM</STDSTYLE>
    <sf:PAGETREE>
     <sf:NODE>
      <NODETYPE>RP</NODETYPE>
      <sf:SUCC>
       <sf:item>
        <sf:NODE>
         <NODETYPE>PA</NODETYPE>
         <sf:OBJ>
          <sf:PAGE>
           <NAME>
            <INAME>%PAGE1</INAME>
           </NAME>
           <CAPTION>New Page</CAPTION>
           <NEXTPAGE>
            <INAME>%PAGE1</INAME>
           </NEXTPAGE>
           <NUMB_MODE>I</NUMB_MODE>
           <NUMB_TYPE>A</NUMB_TYPE>
           <PAGEORTN>P</PAGEORTN>
           <T_CAPTION>
            <item>
             <LANGU>E</LANGU>
             <FORMNAME>ZEXPORT_SMARFORM</FORMNAME>
             <OBJTYPE>PA</OBJTYPE>
             <INAME>%PAGE1</INAME>
             <CAPTION>New Page</CAPTION>
            </item>
           </T_CAPTION>
          </sf:PAGE>
         </sf:OBJ>
         <sf:SUCC>
          <sf:item>
           <sf:NODE>
            <NODETYPE>WI</NODETYPE>
            <sf:OBJ>
             <sf:WINDOW>
              <NAME>
               <INAME>MAIN</INAME>
              </NAME>
              <CAPTION>Main Window</CAPTION>
              <WTYPE>M</WTYPE>
              <T_CAPTION>
               <item>
                <LANGU>E</LANGU>
                <FORMNAME>ZEXPORT_SMARFORM</FORMNAME>
                <OBJTYPE>WI</OBJTYPE>
                <INAME>MAIN</INAME>
                <CAPTION>Main Window</CAPTION>
               </item>
              </T_CAPTION>
              <sf:PROC_CTRL>
               <sf:NODE>
                <NODETYPE>RC</NODETYPE>
                <sf:SUCC>
                 <sf:item>
                  <sf:NODE>
                   <NODETYPE>TI</NODETYPE>
                   <sf:OBJ>
                    <sf:TEXT>
                     <NAME>
                      <INAME>%TEXT1</INAME>
                     </NAME>
                     <CAPTION>New Text 1</CAPTION>
                     <APPMODE>P</APPMODE>
                     <TEXT>
                      <item>
                       <TDFORMAT>*</TDFORMAT>
                       <TDLINE>This is test for ABAP GIT</TDLINE>
                      </item>
                     </TEXT>
                     <STYLE_NAME>SYSTEM</STYLE_NAME>
                     <TEXT_AREA>
                      <ENABLED>F</ENABLED>
                      <NCOLS>0</NCOLS>
                      <NROWS>0</NROWS>
                     </TEXT_AREA>
                     <T_CAPTION>
                      <item>
                       <LANGU>E</LANGU>
                       <FORMNAME>ZEXPORT_SMARFORM</FORMNAME>
                       <OBJTYPE>TI</OBJTYPE>
                       <INAME>%TEXT1</INAME>
                       <CAPTION>New Text 1</CAPTION>
                      </item>
                     </T_CAPTION>
                     <T_TEXT>
                      <item>
                       <SPRAS>E</SPRAS>
                       <TXTYPE>F</TXTYPE>
                       <FORMNAME>ZEXPORT_SMARFORM</FORMNAME>
                       <INAME>%TEXT1</INAME>
                       <LINENR>000001</LINENR>
                       <TDFORMAT>*</TDFORMAT>
                       <TDLINE>This is test for ABAP GIT</TDLINE>
                      </item>
                     </T_TEXT>
                    </sf:TEXT>
                   </sf:OBJ>
                   <sf:SUCC/>
                  </sf:NODE>
                 </sf:item>
                </sf:SUCC>
               </sf:NODE>
              </sf:PROC_CTRL>
             </sf:WINDOW>
            </sf:OBJ>
            <sf:OUTATTR>
             <sf:OUTATTR>
              <NAME>
               <INAME>%OUTATTRIB1</INAME>
              </NAME>
              <CAPTION>New Display Option</CAPTION>
              <U_WFRAME>PT</U_WFRAME>
              <U_WBOXV>CM</U_WBOXV>
              <U_WBOXH>CM</U_WBOXH>
              <WLEFT>2.50</WLEFT>
              <U_WLEFT>CM</U_WLEFT>
              <WWIDTH>16.00</WWIDTH>
              <U_WWIDTH>CM</U_WWIDTH>
              <WTOP>2.50</WTOP>
              <U_WTOP>CM</U_WTOP>
              <WHEIGHT>25.20</WHEIGHT>
              <U_WHEIGHT>CM</U_WHEIGHT>
              <BORDER>
               <LEFTATTR>
                <THICKNESS>0.00</THICKNESS>
                <THICKNESSU>PT</THICKNESSU>
                <DISTANCE>0.00</DISTANCE>
                <DISTANCEU>CM</DISTANCEU>
                <COLOR>
                 <RED>000</RED>
                 <GREEN>000</GREEN>
                 <BLUE>000</BLUE>
                 <TRANS>000</TRANS>
                </COLOR>
               </LEFTATTR>
               <TOPATTR>
                <THICKNESS>0.00</THICKNESS>
                <THICKNESSU>PT</THICKNESSU>
                <DISTANCE>0.00</DISTANCE>
                <DISTANCEU>CM</DISTANCEU>
                <COLOR>
                 <RED>000</RED>
                 <GREEN>000</GREEN>
                 <BLUE>000</BLUE>
                 <TRANS>000</TRANS>
                </COLOR>
               </TOPATTR>
               <RIGHTATTR>
                <THICKNESS>0.00</THICKNESS>
                <THICKNESSU>PT</THICKNESSU>
                <DISTANCE>0.00</DISTANCE>
                <DISTANCEU>CM</DISTANCEU>
                <COLOR>
                 <RED>000</RED>
                 <GREEN>000</GREEN>
                 <BLUE>000</BLUE>
                 <TRANS>000</TRANS>
                </COLOR>
               </RIGHTATTR>
               <BOTTOMATTR>
                <THICKNESS>0.00</THICKNESS>
                <THICKNESSU>PT</THICKNESSU>
                <DISTANCE>0.00</DISTANCE>
                <DISTANCEU>CM</DISTANCEU>
                <COLOR>
                 <RED>000</RED>
                 <GREEN>000</GREEN>
                 <BLUE>000</BLUE>
                 <TRANS>000</TRANS>
                </COLOR>
               </BOTTOMATTR>
              </BORDER>
              <T_CAPTION>
               <item>
                <LANGU>E</LANGU>
                <FORMNAME>ZEXPORT_SMARFORM</FORMNAME>
                <OBJTYPE>OA</OBJTYPE>
                <INAME>%OUTATTRIB1</INAME>
                <CAPTION>New Display Option</CAPTION>
               </item>
              </T_CAPTION>
             </sf:OUTATTR>
            </sf:OUTATTR>
            <sf:SUCC/>
           </sf:NODE>
          </sf:item>
         </sf:SUCC>
        </sf:NODE>
       </sf:item>
      </sf:SUCC>
     </sf:NODE>
    </sf:PAGETREE>
   </sf:item>
  </sf:VARHEADER>
 </sf:SMARTFORM>
</abapGit>
