﻿<?xml version="1.0" encoding="utf-8"?>
<abapGit version="v1.0.0" serializer="LCL_OBJECT_SFPI" serializer_version="v1.0.0">
 <asx:abap version="1.0" xmlns:asx="http://www.sap.com/abapxml">
  <asx:values>
   <VERSION>1</VERSION>
   <TYPE/>
   <INTERFACE href="#o1"/>
   <INTERFACET>
    <FPINTERFACET>
     <NAME/>
     <STATE/>
     <LANGUAGE>E</LANGUAGE>
     <ID/>
     <TEXT>Export Interface</TEXT>
    </FPINTERFACET>
   </INTERFACET>
  </asx:values>
  <asx:heap xmlns:xsd="http://www.w3.org/2001/XMLSchema" xmlns:abap="http://www.sap.com/abapxml/types/built-in" xmlns:cls="http://www.sap.com/abapxml/classes/global" xmlns:dic="http://www.sap.com/abapxml/types/dictionary">
   <cls:CL_FP_INTERFACE_DATA id="o1">
    <CL_FP_INTERFACE_DATA classVersion="1">
     <CODING href="#o5"/>
     <PARAMETERS href="#o4"/>
     <GLOBAL_DEFINITIONS href="#o3"/>
     <REFERENCE_FIELDS href="#o2"/>
     <XSD_DEFINITIONS/>
    </CL_FP_INTERFACE_DATA>
   </cls:CL_FP_INTERFACE_DATA>
   <cls:CL_FP_REFERENCE_FIELDS id="o2">
    <CL_FP_INTERFACE_DATA_CHANGED classVersion="1">
     <INTERFACE_DATA href="#o1"/>
    </CL_FP_INTERFACE_DATA_CHANGED>
    <CL_FP_REFERENCE_FIELDS classVersion="1">
     <REFERENCE_FIELDS/>
    </CL_FP_REFERENCE_FIELDS>
   </cls:CL_FP_REFERENCE_FIELDS>
   <cls:CL_FP_GLOBAL_DEFINITIONS id="o3">
    <CL_FP_INTERFACE_DATA_CHANGED classVersion="1">
     <INTERFACE_DATA href="#o1"/>
    </CL_FP_INTERFACE_DATA_CHANGED>
    <CL_FP_GLOBAL_DEFINITIONS classVersion="1">
     <GLOBAL_DATA/>
     <TYPES/>
     <FIELDSYMBOLS/>
    </CL_FP_GLOBAL_DEFINITIONS>
   </cls:CL_FP_GLOBAL_DEFINITIONS>
   <cls:CL_FP_PARAMETERS id="o4">
    <CL_FP_INTERFACE_DATA_CHANGED classVersion="1">
     <INTERFACE_DATA href="#o1"/>
    </CL_FP_INTERFACE_DATA_CHANGED>
    <CL_FP_PARAMETERS classVersion="1">
     <IMPORT_PARAMETERS/>
     <EXPORT_PARAMETERS/>
     <TABLE_PARAMETERS/>
     <EXCEPTIONS/>
    </CL_FP_PARAMETERS>
   </cls:CL_FP_PARAMETERS>
   <cls:CL_FP_CODING id="o5">
    <CL_FP_INTERFACE_DATA_CHANGED classVersion="1">
     <INTERFACE_DATA href="#o1"/>
    </CL_FP_INTERFACE_DATA_CHANGED>
    <CL_FP_CODING classVersion="1">
     <INPUT_PARAMETERS/>
     <OUTPUT_PARAMETERS/>
     <INITIALIZATION/>
     <FORMS/>
    </CL_FP_CODING>
   </cls:CL_FP_CODING>
  </asx:heap>
 </asx:abap>
</abapGit>
